keyword,date,view_count,like_count,comment_count,reddit_post_count,reddit_keyword,google_interest
AllTrails app,2026-04-19,0,0,132,11,AllTrails app,100.0
AllTrails app,2026-04-20,36,36,36,6,AllTrails app,0.0
AllTrails app,2026-04-22,756,756,144,12,AllTrails app,66.0
AllTrails app,2026-04-23,630,630,483,21,AllTrails app,0.0
AllTrails app,2026-04-26,30,30,50,10,AllTrails app,100.0
AllTrails app,2026-05-08,880,880,1936,88,AllTrails app,64.0
AllTrails app,2026-05-11,84,84,1568,56,AllTrails app,100.0
AllTrails app,2026-05-12,132,132,4356,132,AllTrails app,94.0
AllTrails app,2026-05-15,536,536,2389,133,AllTrails app,42.0
AllTrails app,2026-05-25,10,10,61,11,AllTrails app,95.0
AllTrails app,2026-05-28,48,48,128,16,AllTrails app,73.0
Arc’teryx,2026-05-09,6715,6715,6688,76,Arc’teryx,0.0
Arc’teryx,2026-05-10,1988,1988,1033,83,Arc’teryx,100.0
Arc’teryx,2026-05-12,730,730,146,18,Arc’teryx,51.0
Arc’teryx,2026-05-13,2217,2217,3561,153,Arc’teryx,85.0
Arc’teryx,2026-05-14,1875,1875,1176,58,Arc’teryx,91.0
Arc’teryx,2026-05-15,5179,5179,153,21,Arc’teryx,75.0
Arc’teryx,2026-05-16,56044,56044,19117,380,Arc’teryx,91.0
Arc’teryx,2026-05-17,7939,7939,1070,106,Arc’teryx,100.0
Arc’teryx,2026-05-19,463,463,828,96,Arc’teryx,78.0
Arc’teryx,2026-05-20,0,0,60,12,Arc’teryx,92.0
Arc’teryx,2026-05-21,234847,234847,65646,366,Arc’teryx,89.0
Arc’teryx,2026-05-22,287,287,1789,101,Arc’teryx,81.0
Arc’teryx,2026-05-23,1891,1891,884,92,Arc’teryx,83.0
Arc’teryx,2026-05-24,484,484,154,36,Arc’teryx,100.0
Arc’teryx,2026-05-25,4000,4000,2114,137,Arc’teryx,82.0
Arc’teryx,2026-05-26,6396,6396,2882,144,Arc’teryx,84.0
Arc’teryx,2026-05-27,93272,93272,30948,354,Arc’teryx,71.0
Arc’teryx,2026-05-28,155,155,55,23,Arc’teryx,72.0
Arc’teryx,2026-05-29,400,400,939,59,Arc’teryx,62.0
Arc’teryx,2026-05-30,1716,1716,1689,109,Arc’teryx,83.0
Arc’teryx,2026-05-31,33,33,123,19,Arc’teryx,100.0
Arc’teryx,2026-06-01,0,0,64,8,Arc’teryx,77.0
Arc’teryx,2026-06-02,5,5,2,1,Arc’teryx,73.0
Black Diamond,2026-05-14,17787,17787,3843,113,Black Diamond,96.0
Black Diamond,2026-05-15,7576,7576,6104,270,Black Diamond,100.0
Black Diamond,2026-05-16,5374,5374,1975,142,Black Diamond,90.0
Black Diamond,2026-05-17,394,394,673,53,Black Diamond,89.0
Black Diamond,2026-05-20,79110,79110,3519,160,Black Diamond,87.0
Black Diamond,2026-05-21,4028,4028,1380,124,Black Diamond,89.0
Black Diamond,2026-05-22,37708,37708,28362,320,Black Diamond,94.0
Black Diamond,2026-05-23,4107,4107,2304,175,Black Diamond,100.0
Black Diamond,2026-05-24,0,0,36,6,Black Diamond,98.0
Black Diamond,2026-05-28,6072,6072,3351,162,Black Diamond,90.0
Black Diamond,2026-05-29,22463,22463,13181,243,Black Diamond,87.0
Black Diamond,2026-05-30,5716,5716,4947,265,Black Diamond,85.0
Black Diamond,2026-05-31,2523,2523,3049,310,Black Diamond,100.0
Black Diamond,2026-06-01,30735,30735,4751,216,Black Diamond,89.0
Black Diamond,2026-06-02,137,137,378,46,Black Diamond,73.0
Columbia Sportswear,2026-04-25,30,30,50,10,Columbia Sportswear,98.0
Columbia Sportswear,2026-05-06,25,25,4,4,Columbia Sportswear,90.0
Columbia Sportswear,2026-05-11,52,52,16,8,Columbia Sportswear,88.0
Columbia Sportswear,2026-05-12,1065,1065,100,20,Columbia Sportswear,91.0
Columbia Sportswear,2026-05-21,114,114,1083,57,Columbia Sportswear,95.0
Columbia Sportswear,2026-05-30,468,468,99,9,Columbia Sportswear,76.0
Merrell,2026-05-08,633,633,701,31,Merrell,82.0
Merrell,2026-05-09,392,392,216,28,Merrell,86.0
Merrell,2026-05-10,7890,7890,6746,110,Merrell,100.0
Merrell,2026-05-11,11966,11966,2379,96,Merrell,77.0
Merrell,2026-05-12,1095,1095,3808,189,Merrell,75.0
Merrell,2026-05-13,54122,54122,7178,230,Merrell,89.0
Merrell,2026-05-14,17479,17479,6881,231,Merrell,98.0
Merrell,2026-05-15,38197,38197,4267,120,Merrell,88.0
Merrell,2026-05-16,6536,6536,2007,87,Merrell,89.0
Merrell,2026-05-17,1393,1393,5627,153,Merrell,100.0
Merrell,2026-05-18,175,175,2434,98,Merrell,91.0
Merrell,2026-05-19,791,791,1898,209,Merrell,81.0
Merrell,2026-05-20,1454,1454,3392,172,Merrell,80.0
Merrell,2026-05-21,342363,342363,110203,447,Merrell,81.0
Merrell,2026-05-22,6259,6259,15416,447,Merrell,84.0
Merrell,2026-05-23,906,906,2115,177,Merrell,92.0
Merrell,2026-05-24,909,909,420,50,Merrell,100.0
Merrell,2026-05-25,614,614,3528,142,Merrell,99.0
Merrell,2026-05-26,1592,1592,5853,135,Merrell,89.0
Merrell,2026-05-27,9102,9102,5827,209,Merrell,74.0
Merrell,2026-05-28,121,121,100,16,Merrell,73.0
Merrell,2026-05-29,2167,2167,2786,104,Merrell,73.0
Merrell,2026-05-30,1810,1810,1077,89,Merrell,77.0
Merrell,2026-05-31,1668,1668,1224,68,Merrell,95.0
Merrell,2026-06-01,457,457,146,21,Merrell,100.0
Osprey,2026-05-16,10488,10488,34058,385,Osprey,100.0
Osprey,2026-05-17,12291,12291,5357,264,Osprey,90.0
Osprey,2026-05-21,2522,2522,506,36,Osprey,81.0
Osprey,2026-05-22,3915,3915,4881,227,Osprey,80.0
Osprey,2026-05-23,57596,57596,17615,499,Osprey,93.0
Osprey,2026-05-24,224,224,116,14,Osprey,100.0
Osprey,2026-05-28,75158,75158,13488,206,Osprey,80.0
Osprey,2026-05-29,25347,25347,3348,208,Osprey,79.0
Osprey,2026-05-30,5442,5442,2346,170,Osprey,87.0
Osprey,2026-05-31,227818,227818,16920,468,Osprey,100.0
Osprey,2026-06-01,174710,174710,11097,309,Osprey,89.0
Osprey,2026-06-02,92477,92477,6251,123,Osprey,69.0
Patagonia,2026-05-17,8645,8645,10448,264,Patagonia,93.0
Patagonia,2026-05-23,17245,17245,3712,198,Patagonia,95.0
Patagonia,2026-05-24,160,160,104,14,Patagonia,100.0
Patagonia,2026-05-30,477072,477072,48971,523,Patagonia,80.0
Patagonia,2026-05-31,20090,20090,10937,271,Patagonia,98.0
Patagonia,2026-06-01,2407206,2407206,425297,880,Patagonia,100.0
Patagonia,2026-06-02,28318,28318,12232,306,Patagonia,81.0
REI Co-op,2026-04-17,264,264,121,11,REI Co-op,95.0
REI Co-op,2026-04-18,139665,139665,22057,89,REI Co-op,88.0
REI Co-op,2026-04-20,122,122,159,17,REI Co-op,67.0
REI Co-op,2026-04-22,1042,1042,29,7,REI Co-op,98.0
REI Co-op,2026-04-24,143,143,242,22,REI Co-op,85.0
REI Co-op,2026-04-27,630,630,346,38,REI Co-op,83.0
REI Co-op,2026-04-29,4960,4960,14969,239,REI Co-op,71.0
REI Co-op,2026-04-30,1564,1564,1058,46,REI Co-op,100.0
REI Co-op,2026-05-01,36,36,162,18,REI Co-op,80.0
REI Co-op,2026-05-04,31193,31193,44810,398,REI Co-op,71.0
REI Co-op,2026-05-05,16,16,16,8,REI Co-op,83.0
REI Co-op,2026-05-06,20,20,100,20,REI Co-op,68.0
REI Co-op,2026-05-07,771146,771146,34636,345,REI Co-op,100.0
REI Co-op,2026-05-10,0,0,336,36,REI Co-op,88.0
REI Co-op,2026-05-11,192,192,104,24,REI Co-op,80.0
REI Co-op,2026-05-12,27,27,324,36,REI Co-op,70.0
REI Co-op,2026-05-13,48807,48807,79819,625,REI Co-op,92.0
REI Co-op,2026-05-14,10811,10811,7507,173,REI Co-op,86.0
REI Co-op,2026-05-15,436890,436890,111550,430,REI Co-op,96.0
REI Co-op,2026-05-17,14,14,52,14,REI Co-op,98.0
REI Co-op,2026-05-19,229137,229137,18129,354,REI Co-op,80.0
REI Co-op,2026-05-20,1481,1481,359,53,REI Co-op,68.0
REI Co-op,2026-05-21,38,38,494,44,REI Co-op,93.0
REI Co-op,2026-05-22,234,234,81,9,REI Co-op,87.0
REI Co-op,2026-05-23,1420,1420,7089,145,REI Co-op,91.0
REI Co-op,2026-05-24,104,104,128,16,REI Co-op,96.0
REI Co-op,2026-05-26,4767,4767,840,42,REI Co-op,70.0
REI Co-op,2026-05-27,62300,62300,27500,200,REI Co-op,50.0
REI Co-op,2026-05-28,0,0,18,6,REI Co-op,77.0
REI Co-op,2026-05-31,13,13,2,2,REI Co-op,100.0
Salomon,2026-05-14,330,330,293,27,Salomon,88.0
Salomon,2026-05-15,17137,17137,2329,97,Salomon,85.0
Salomon,2026-05-16,14356,14356,6234,136,Salomon,94.0
Salomon,2026-05-17,699,699,1566,86,Salomon,100.0
Salomon,2026-05-19,20038,20038,11453,264,Salomon,76.0
Salomon,2026-05-20,470,470,1566,87,Salomon,85.0
Salomon,2026-05-21,14754,14754,2619,150,Salomon,91.0
Salomon,2026-05-22,764,764,617,61,Salomon,84.0
Salomon,2026-05-23,2439,2439,3810,81,Salomon,92.0
Salomon,2026-05-24,26,26,45,11,Salomon,100.0
Salomon,2026-05-26,20556,20556,936,36,Salomon,88.0
Salomon,2026-05-27,39339,39339,5608,184,Salomon,79.0
Salomon,2026-05-28,14640,14640,3947,196,Salomon,83.0
Salomon,2026-05-29,805,805,2283,156,Salomon,77.0
Salomon,2026-05-30,804,804,1224,111,Salomon,82.0
Salomon,2026-05-31,10551,10551,5406,229,Salomon,100.0
Salomon,2026-06-01,1789,1789,1823,115,Salomon,95.0
Salomon,2026-06-02,854,854,997,57,Salomon,86.0
The North Face,2026-05-12,965029,965029,24642,172,The North Face,89.0
The North Face,2026-05-13,7016,7016,3057,90,The North Face,85.0
The North Face,2026-05-14,237,237,635,52,The North Face,85.0
The North Face,2026-05-15,378,378,309,33,The North Face,100.0
The North Face,2026-05-16,13314,13314,5964,132,The North Face,63.0
The North Face,2026-05-17,609,609,152,26,The North Face,76.0
The North Face,2026-05-21,124,124,202,23,The North Face,85.0
The North Face,2026-05-22,106,106,8503,130,The North Face,78.0
The North Face,2026-05-23,183,183,194,42,The North Face,91.0
The North Face,2026-05-24,3889,3889,2037,174,The North Face,100.0
The North Face,2026-05-25,8500,8500,10701,253,The North Face,90.0
The North Face,2026-05-26,56350,56350,28074,270,The North Face,85.0
The North Face,2026-05-27,8174,8174,9884,170,The North Face,77.0
The North Face,2026-05-28,6208,6208,6512,218,The North Face,78.0
The North Face,2026-05-29,81746,81746,95530,498,The North Face,78.0
The North Face,2026-05-30,3924,3924,1009,84,The North Face,81.0
The North Face,2026-05-31,640,640,170,26,The North Face,100.0
The North Face,2026-06-01,103,103,110,22,The North Face,98.0
The North Face,2026-06-02,54,54,11,5,The North Face,81.0
backpacking,2026-05-17,402,402,856,123,backpacking,91.0
backpacking,2026-05-24,1512,1512,2197,264,backpacking,95.0
backpacking,2026-05-31,44065,44065,13626,297,backpacking,100.0
backpacking,2026-06-02,797,797,2411,185,backpacking,61.0
bushcraft,2026-05-08,536,536,406,26,bushcraft,88.0
bushcraft,2026-05-09,25088,25088,10827,226,bushcraft,96.0
bushcraft,2026-05-10,89226,89226,11006,215,bushcraft,100.0
bushcraft,2026-05-11,1715,1715,2513,110,bushcraft,89.0
bushcraft,2026-05-12,8684,8684,6485,196,bushcraft,79.0
bushcraft,2026-05-13,2609,2609,2929,127,bushcraft,100.0
bushcraft,2026-05-14,2872,2872,1580,122,bushcraft,100.0
bushcraft,2026-05-15,9713,9713,4827,161,bushcraft,99.0
bushcraft,2026-05-16,169,169,84,28,bushcraft,75.0
bushcraft,2026-05-17,4029,4029,7728,210,bushcraft,87.0
bushcraft,2026-05-18,28514,28514,8618,177,bushcraft,86.0
bushcraft,2026-05-19,6089,6089,3726,128,bushcraft,76.0
bushcraft,2026-05-20,10819,10819,1429,78,bushcraft,85.0
bushcraft,2026-05-21,2249,2249,1954,110,bushcraft,90.0
bushcraft,2026-05-22,70,70,34,10,bushcraft,88.0
bushcraft,2026-05-23,9808,9808,4595,244,bushcraft,100.0
bushcraft,2026-05-24,1616,1616,2860,172,bushcraft,99.0
bushcraft,2026-05-25,14888,14888,10982,299,bushcraft,91.0
bushcraft,2026-05-26,41629,41629,12153,394,bushcraft,81.0
bushcraft,2026-05-27,5394,5394,1465,100,bushcraft,87.0
bushcraft,2026-05-28,19968,19968,10281,333,bushcraft,82.0
bushcraft,2026-05-29,6845,6845,1345,115,bushcraft,77.0
bushcraft,2026-05-30,14549,14549,1984,78,bushcraft,77.0
bushcraft,2026-05-31,1276,1276,1198,106,bushcraft,100.0
bushcraft,2026-06-01,6579,6579,4565,168,bushcraft,96.0
bushcraft,2026-06-02,712,712,1102,58,bushcraft,67.0
camping and hiking,2026-04-28,5,5,1,1,camping and hiking,85.0
camping and hiking,2026-04-29,52,52,300,40,camping and hiking,93.0
camping and hiking,2026-04-30,5948,5948,2224,121,camping and hiking,88.0
camping and hiking,2026-05-01,58,58,224,32,camping and hiking,76.0
camping and hiking,2026-05-02,2024,2024,9150,122,camping and hiking,83.0
camping and hiking,2026-05-03,26488,26488,46438,226,camping and hiking,90.0
camping and hiking,2026-05-04,448,448,1020,86,camping and hiking,100.0
camping and hiking,2026-05-05,32,32,12,6,camping and hiking,79.0
camping and hiking,2026-05-06,5262,5262,1147,94,camping and hiking,68.0
camping and hiking,2026-05-07,20,20,56,24,camping and hiking,96.0
camping and hiking,2026-05-08,55214,55214,4084,244,camping and hiking,93.0
camping and hiking,2026-05-09,12,12,36,12,camping and hiking,88.0
camping and hiking,2026-05-10,198,198,14388,244,camping and hiking,96.0
camping and hiking,2026-05-11,28,28,98,14,camping and hiking,94.0
camping and hiking,2026-05-12,4938,4938,8792,260,camping and hiking,100.0
camping and hiking,2026-05-13,153,153,672,73,camping and hiking,78.0
camping and hiking,2026-05-14,263,263,590,84,camping and hiking,100.0
camping and hiking,2026-05-15,80572,80572,18465,363,camping and hiking,88.0
camping and hiking,2026-05-16,606,606,2281,101,camping and hiking,66.0
camping and hiking,2026-05-17,280,280,894,64,camping and hiking,81.0
camping and hiking,2026-05-18,6806,6806,2178,135,camping and hiking,72.0
camping and hiking,2026-05-19,195,195,283,39,camping and hiking,29.0
camping and hiking,2026-05-20,2241,2241,6353,273,camping and hiking,91.0
camping and hiking,2026-05-21,555,555,87,27,camping and hiking,99.0
camping and hiking,2026-05-22,20002,20002,1794,103,camping and hiking,88.0
camping and hiking,2026-05-23,1256,1256,4204,116,camping and hiking,83.0
camping and hiking,2026-05-24,2504,2504,128,16,camping and hiking,87.0
camping and hiking,2026-05-25,468,468,2900,120,camping and hiking,100.0
camping and hiking,2026-05-26,12,12,72,12,camping and hiking,86.0
camping and hiking,2026-05-27,1931,1931,1620,97,camping and hiking,91.0
camping and hiking,2026-05-28,10,10,15,5,camping and hiking,89.0
camping and hiking,2026-05-29,535,535,878,43,camping and hiking,87.0
camping and hiking,2026-05-30,778,778,1362,58,camping and hiking,89.0
camping and hiking,2026-05-31,2824,2824,107,15,camping and hiking,100.0
camping and hiking,2026-06-01,49,49,379,31,camping and hiking,96.0
camping and hiking,2026-06-02,10,10,25,5,camping and hiking,66.0
camping tent,2026-04-27,13,13,13,13,camping tent,84.0
camping tent,2026-04-28,7140,7140,20911,187,camping tent,82.0
camping tent,2026-04-29,102,102,186,24,camping tent,84.0
camping tent,2026-04-30,4079,4079,915,69,camping tent,79.0
camping tent,2026-05-01,2,2,2,2,camping tent,87.0
camping tent,2026-05-02,854,854,1342,102,camping tent,87.0
camping tent,2026-05-03,568,568,2568,92,camping tent,100.0
camping tent,2026-05-04,32,32,52,12,camping tent,86.0
camping tent,2026-05-05,14468,14468,8663,171,camping tent,82.0
camping tent,2026-05-06,45,45,75,15,camping tent,76.0
camping tent,2026-05-07,86815,86815,62382,466,camping tent,83.0
camping tent,2026-05-08,657,657,3395,173,camping tent,81.0
camping tent,2026-05-09,1193,1193,3564,145,camping tent,85.0
camping tent,2026-05-10,882,882,3216,160,camping tent,100.0
camping tent,2026-05-11,115,115,1164,100,camping tent,81.0
camping tent,2026-05-12,179,179,332,44,camping tent,78.0
camping tent,2026-05-13,30,30,2812,108,camping tent,79.0
camping tent,2026-05-14,850,850,4752,178,camping tent,92.0
camping tent,2026-05-15,256,256,196,26,camping tent,88.0
camping tent,2026-05-16,56,56,64,16,camping tent,86.0
camping tent,2026-05-17,176,176,969,87,camping tent,100.0
camping tent,2026-05-18,7401,7401,7155,258,camping tent,93.0
camping tent,2026-05-19,825,825,2025,75,camping tent,83.0
camping tent,2026-05-20,163,163,147,33,camping tent,72.0
camping tent,2026-05-21,2386,2386,3444,104,camping tent,78.0
camping tent,2026-05-22,216,216,1622,80,camping tent,79.0
camping tent,2026-05-23,1323,1323,1335,87,camping tent,89.0
camping tent,2026-05-24,4415,4415,7160,216,camping tent,97.0
camping tent,2026-05-25,237,237,1586,100,camping tent,100.0
camping tent,2026-05-26,1493,1493,3163,119,camping tent,89.0
camping tent,2026-05-27,261,261,394,30,camping tent,78.0
camping tent,2026-05-28,599,599,5398,114,camping tent,76.0
camping tent,2026-05-29,259,259,35,11,camping tent,77.0
camping tent,2026-05-30,11492,11492,32200,284,camping tent,83.0
camping tent,2026-05-31,64454,64454,11110,118,camping tent,100.0
camping tent,2026-06-01,426,426,117,15,camping tent,92.0
camping tent,2026-06-02,2,2,6,2,camping tent,65.0
headlamp,2026-05-15,1189,1189,1317,111,headlamp,100.0
headlamp,2026-05-16,19718,19718,9921,216,headlamp,77.0
headlamp,2026-05-17,32957,32957,8509,263,headlamp,76.0
headlamp,2026-05-20,6,6,20,6,headlamp,90.0
headlamp,2026-05-21,33075,33075,16128,451,headlamp,97.0
headlamp,2026-05-22,6713,6713,3627,199,headlamp,100.0
headlamp,2026-05-23,51332,51332,32376,336,headlamp,96.0
headlamp,2026-05-24,220,220,181,25,headlamp,99.0
headlamp,2026-05-28,13223,13223,8213,290,headlamp,100.0
headlamp,2026-05-29,15341,15341,8375,244,headlamp,94.0
headlamp,2026-05-30,16348,16348,6876,338,headlamp,86.0
headlamp,2026-05-31,18597,18597,7948,323,headlamp,98.0
headlamp,2026-06-01,17923,17923,25621,412,headlamp,100.0
headlamp,2026-06-02,9,9,7,5,headlamp,74.0
hiking,2026-05-17,509,509,637,99,hiking,100.0
hiking,2026-05-24,2157,2157,1203,191,hiking,100.0
hiking,2026-05-31,2216,2216,3040,230,hiking,100.0
hiking,2026-06-02,7498,7498,3844,278,hiking,75.0
hiking apps,2026-04-19,57800,57800,6550,50,hiking apps,78.0
hiking apps,2026-04-22,6,6,9,3,hiking apps,66.0
hiking apps,2026-04-24,140,140,112,14,hiking apps,85.0
hiking apps,2026-05-03,0,0,108,18,hiking apps,100.0
hiking apps,2026-05-04,1047,1047,910,66,hiking apps,81.0
hiking apps,2026-05-05,289,289,1137,64,hiking apps,70.0
hiking apps,2026-05-06,106,106,553,47,hiking apps,81.0
hiking apps,2026-05-09,8,8,4,4,hiking apps,93.0
hiking apps,2026-05-13,685,685,666,64,hiking apps,80.0
hiking apps,2026-05-16,0,0,163,25,hiking apps,85.0
hiking apps,2026-05-21,316,316,12235,195,hiking apps,50.0
hiking apps,2026-05-23,18,18,25408,295,hiking apps,64.0
hiking apps,2026-05-24,1110,1110,200,20,hiking apps,100.0
hiking apps,2026-05-25,10,10,50,10,hiking apps,94.0
hiking apps,2026-05-26,3307,3307,19268,229,hiking apps,63.0
hiking apps,2026-05-27,318,318,298,28,hiking apps,53.0
hiking apps,2026-05-28,4,4,8,4,hiking apps,65.0
hiking apps,2026-05-31,0,0,312,26,hiking apps,93.0
hiking apps,2026-06-02,15,15,25,5,hiking apps,77.0
hiking backpack,2026-05-07,280,280,1656,64,hiking backpack,100.0
hiking backpack,2026-05-08,5374,5374,792,80,hiking backpack,85.0
hiking backpack,2026-05-09,381,381,758,82,hiking backpack,88.0
hiking backpack,2026-05-10,1618,1618,7056,112,hiking backpack,93.0
hiking backpack,2026-05-11,2146,2146,678,62,hiking backpack,84.0
hiking backpack,2026-05-12,292,292,1017,106,hiking backpack,81.0
hiking backpack,2026-05-13,1,1,33,9,hiking backpack,95.0
hiking backpack,2026-05-14,75496,75496,3677,151,hiking backpack,94.0
hiking backpack,2026-05-15,2528,2528,9330,361,hiking backpack,100.0
hiking backpack,2026-05-16,10431,10431,52196,684,hiking backpack,80.0
hiking backpack,2026-05-17,805,805,1127,89,hiking backpack,79.0
hiking backpack,2026-05-18,387,387,3038,207,hiking backpack,73.0
hiking backpack,2026-05-19,21377,21377,21469,513,hiking backpack,66.0
hiking backpack,2026-05-20,346,346,453,61,hiking backpack,82.0
hiking backpack,2026-05-21,69,69,783,69,hiking backpack,81.0
hiking backpack,2026-05-22,4329,4329,5175,195,hiking backpack,83.0
hiking backpack,2026-05-23,9917,9917,1371,85,hiking backpack,91.0
hiking backpack,2026-05-24,132,132,258,34,hiking backpack,100.0
hiking backpack,2026-05-25,0,0,98,14,hiking backpack,96.0
hiking backpack,2026-05-26,66435,66435,33261,399,hiking backpack,84.0
hiking backpack,2026-05-27,7918,7918,13533,255,hiking backpack,72.0
hiking backpack,2026-05-28,99231,99231,50460,216,hiking backpack,67.0
hiking backpack,2026-05-29,75247,75247,5196,194,hiking backpack,67.0
hiking backpack,2026-05-30,165,165,978,68,hiking backpack,79.0
hiking backpack,2026-05-31,132,132,373,47,hiking backpack,100.0
hiking backpack,2026-06-01,3076,3076,3915,111,hiking backpack,83.0
hiking backpack,2026-06-02,66,66,309,21,hiking backpack,49.0
hiking boots,2026-05-12,1476,1476,2122,98,hiking boots,86.0
hiking boots,2026-05-13,29904,29904,16585,110,hiking boots,94.0
hiking boots,2026-05-14,1938,1938,5085,171,hiking boots,94.0
hiking boots,2026-05-15,8240,8240,1528,86,hiking boots,100.0
hiking boots,2026-05-16,269,269,895,61,hiking boots,89.0
hiking boots,2026-05-17,1558,1558,4035,139,hiking boots,95.0
hiking boots,2026-05-18,3094,3094,2249,103,hiking boots,89.0
hiking boots,2026-05-19,1624,1624,3420,170,hiking boots,84.0
hiking boots,2026-05-20,1732,1732,2416,122,hiking boots,89.0
hiking boots,2026-05-21,18336,18336,8645,171,hiking boots,78.0
hiking boots,2026-05-22,7212,7212,10283,219,hiking boots,85.0
hiking boots,2026-05-23,930,930,2164,82,hiking boots,95.0
hiking boots,2026-05-24,11760,11760,3849,65,hiking boots,100.0
hiking boots,2026-05-25,1514,1514,14310,210,hiking boots,95.0
hiking boots,2026-05-26,3497,3497,3307,150,hiking boots,83.0
hiking boots,2026-05-27,75682,75682,14581,317,hiking boots,75.0
hiking boots,2026-05-28,11058,11058,50162,496,hiking boots,72.0
hiking boots,2026-05-29,13808,13808,43827,574,hiking boots,72.0
hiking boots,2026-05-30,80487,80487,55143,703,hiking boots,83.0
hiking boots,2026-05-31,14213,14213,17892,188,hiking boots,100.0
hiking boots,2026-06-01,4420,4420,6535,109,hiking boots,95.0
hiking boots,2026-06-02,22,22,287,27,hiking boots,70.0
hiking checklist,2026-05-23,5625,5625,4962,122,hiking checklist,79.0
hiking equipment,2026-04-21,0,0,16,4,hiking equipment,54.0
hiking equipment,2026-04-24,4508,4508,4998,98,hiking equipment,59.0
hiking equipment,2026-04-30,569,569,130,16,hiking equipment,74.0
hiking equipment,2026-05-02,15,15,21,9,hiking equipment,83.0
hiking equipment,2026-05-04,72,72,260,44,hiking equipment,69.0
hiking equipment,2026-05-06,12,12,4,4,hiking equipment,88.0
hiking equipment,2026-05-07,3304,3304,14632,236,hiking equipment,98.0
hiking equipment,2026-05-12,29592,29592,324,36,hiking equipment,92.0
hiking equipment,2026-05-13,0,0,4624,136,hiking equipment,75.0
hiking equipment,2026-05-14,0,0,196,28,hiking equipment,76.0
hiking equipment,2026-05-15,0,0,16,8,hiking equipment,100.0
hiking equipment,2026-05-19,9,9,3,3,hiking equipment,25.0
hiking equipment,2026-05-22,6,6,12,6,hiking equipment,86.0
hiking equipment,2026-05-31,484,484,484,22,hiking equipment,100.0
hiking essentials,2026-05-01,0,0,4,2,hiking essentials,74.0
hiking essentials,2026-05-06,0,0,4760,140,hiking essentials,85.0
hiking essentials,2026-05-07,4313,4313,1406,76,hiking essentials,100.0
hiking gear,2026-04-21,4460,4460,3071,88,hiking gear,77.0
hiking gear,2026-04-22,7,7,49,7,hiking gear,100.0
hiking gear,2026-04-23,397,397,1106,48,hiking gear,86.0
hiking gear,2026-04-24,42,42,300,36,hiking gear,83.0
hiking gear,2026-04-25,550178,550178,15548,164,hiking gear,83.0
hiking gear,2026-04-26,14043,14043,24542,308,hiking gear,100.0
hiking gear,2026-04-27,552,552,1368,100,hiking gear,86.0
hiking gear,2026-04-28,20,20,104,20,hiking gear,73.0
hiking gear,2026-04-29,364,364,1568,56,hiking gear,93.0
hiking gear,2026-05-01,1080,1080,8180,210,hiking gear,100.0
hiking gear,2026-05-02,6406,6406,10622,296,hiking gear,87.0
hiking gear,2026-05-03,119,119,4,4,hiking gear,96.0
hiking gear,2026-05-04,28,28,3668,140,hiking gear,100.0
hiking gear,2026-05-06,2653,2653,644,58,hiking gear,64.0
hiking gear,2026-05-07,20,20,116,28,hiking gear,87.0
hiking gear,2026-05-08,60592,60592,111108,530,hiking gear,77.0
hiking gear,2026-05-09,3235,3235,5984,248,hiking gear,94.0
hiking gear,2026-05-11,1012,1012,8343,279,hiking gear,84.0
hiking gear,2026-05-13,21704,21704,44120,412,hiking gear,96.0
hiking gear,2026-05-14,20,20,10,6,hiking gear,100.0
hiking gear,2026-05-15,4,4,4,4,hiking gear,99.0
hiking gear,2026-05-16,7683,7683,3697,119,hiking gear,93.0
hiking gear,2026-05-17,457,457,833,57,hiking gear,97.0
hiking gear,2026-05-18,100,100,585,85,hiking gear,87.0
hiking gear,2026-05-20,61882,61882,5076,146,hiking gear,85.0
hiking gear,2026-05-21,320,320,2188,80,hiking gear,90.0
hiking gear,2026-05-22,52,52,463,46,hiking gear,92.0
hiking gear,2026-05-23,162,162,373,56,hiking gear,99.0
hiking gear,2026-05-24,204,204,373,37,hiking gear,100.0
hiking gear,2026-05-25,30,30,50,10,hiking gear,96.0
hiking gear,2026-05-26,114,114,1904,100,hiking gear,98.0
hiking gear,2026-05-27,183145,183145,94788,456,hiking gear,76.0
hiking gear,2026-05-28,12,12,10,6,hiking gear,82.0
hiking gear,2026-05-29,4,4,2,2,hiking gear,73.0
hiking gear,2026-05-30,43175,43175,5779,181,hiking gear,80.0
hiking gear,2026-05-31,1225,1225,401,33,hiking gear,100.0
hiking gear,2026-06-01,3,3,19,9,hiking gear,87.0
hiking in summer,2026-04-22,14020,14020,380,20,hiking in summer,69.0
hiking in summer,2026-04-27,20,20,38,12,hiking in summer,74.0
hiking in summer,2026-05-12,0,0,80,16,hiking in summer,65.0
hiking in summer,2026-05-18,3,3,3,3,hiking in summer,88.0
hiking in summer,2026-05-30,0,0,762,38,hiking in summer,78.0
hiking safety tips,2026-04-22,319,319,841,29,hiking safety tips,60.0
hydration pack,2026-05-01,714,714,7141,137,hydration pack,92.0
hydration pack,2026-05-02,15,15,113,15,hydration pack,100.0
hydration pack,2026-05-03,888,888,4944,176,hydration pack,89.0
hydration pack,2026-05-04,306,306,1993,152,hydration pack,79.0
hydration pack,2026-05-05,1886,1886,2568,116,hydration pack,72.0
hydration pack,2026-05-06,1121,1121,4282,142,hydration pack,84.0
hydration pack,2026-05-07,6,6,75,15,hydration pack,92.0
hydration pack,2026-05-08,86,86,28,12,hydration pack,84.0
hydration pack,2026-05-09,306,306,216,48,hydration pack,100.0
hydration pack,2026-05-10,128,128,350,56,hydration pack,93.0
hydration pack,2026-05-11,168,168,468,48,hydration pack,93.0
hydration pack,2026-05-12,19661,19661,14850,409,hydration pack,79.0
hydration pack,2026-05-13,472,472,1586,94,hydration pack,100.0
hydration pack,2026-05-14,12,12,36,12,hydration pack,99.0
hydration pack,2026-05-15,1482,1482,5716,264,hydration pack,100.0
hydration pack,2026-05-16,330,330,1374,134,hydration pack,95.0
hydration pack,2026-05-17,2021,2021,1438,120,hydration pack,92.0
hydration pack,2026-05-18,923,923,2568,111,hydration pack,89.0
hydration pack,2026-05-19,5689,5689,2741,193,hydration pack,82.0
hydration pack,2026-05-20,2368,2368,1652,142,hydration pack,92.0
hydration pack,2026-05-21,50,50,58,22,hydration pack,99.0
hydration pack,2026-05-22,207,207,1047,61,hydration pack,100.0
hydration pack,2026-05-23,161,161,109,29,hydration pack,95.0
hydration pack,2026-05-24,10,10,50,10,hydration pack,92.0
hydration pack,2026-05-25,1233,1233,3978,166,hydration pack,94.0
hydration pack,2026-05-26,24209,24209,8018,197,hydration pack,91.0
hydration pack,2026-05-27,5037,5037,1324,64,hydration pack,76.0
hydration pack,2026-05-28,580,580,1114,74,hydration pack,74.0
hydration pack,2026-05-29,4250,4250,2101,157,hydration pack,77.0
hydration pack,2026-05-30,709,709,668,60,hydration pack,75.0
hydration pack,2026-05-31,36,36,124,26,hydration pack,100.0
hydration pack,2026-06-01,22,22,50,14,hydration pack,75.0
hydration pack,2026-06-02,16,16,60,9,hydration pack,44.0
lightweight camping,2026-05-07,8,8,52,20,lightweight camping,94.0
lightweight camping,2026-05-13,269,269,928,82,lightweight camping,100.0
lightweight camping,2026-05-20,0,0,243,27,lightweight camping,83.0
lightweight camping,2026-05-21,21,21,168,21,lightweight camping,84.0
lightweight camping,2026-05-24,238,238,1776,60,lightweight camping,100.0
lightweight camping,2026-05-29,217,217,347,33,lightweight camping,68.0
minimalist backpacking,2026-04-21,64,64,256,16,minimalist backpacking,83.01001971176711
minimalist backpacking,2026-05-17,224,224,342,32,minimalist backpacking,83.01001971176711
minimalist backpacking,2026-05-19,0,0,4,2,minimalist backpacking,83.01001971176711
outdoor adventure,2026-05-12,11,11,282,22,outdoor adventure,79.0
outdoor adventure,2026-05-13,55201,55201,4795,111,outdoor adventure,77.0
outdoor adventure,2026-05-14,224,224,150,25,outdoor adventure,89.0
outdoor adventure,2026-05-15,20,20,1145,42,outdoor adventure,84.0
outdoor adventure,2026-05-16,8,8,8,4,outdoor adventure,93.0
outdoor adventure,2026-05-17,6610,6610,539,63,outdoor adventure,100.0
outdoor adventure,2026-05-18,27170,27170,16659,125,outdoor adventure,76.0
outdoor adventure,2026-05-19,201,201,161,17,outdoor adventure,31.0
outdoor adventure,2026-05-20,15797,15797,2888,172,outdoor adventure,76.0
outdoor adventure,2026-05-21,14338,14338,1465,65,outdoor adventure,83.0
outdoor adventure,2026-05-22,1122,1122,1305,51,outdoor adventure,89.0
outdoor adventure,2026-05-23,176988,176988,2856,68,outdoor adventure,93.0
outdoor adventure,2026-05-25,188,188,140,27,outdoor adventure,94.0
outdoor adventure,2026-05-26,2417,2417,2295,81,outdoor adventure,89.0
outdoor adventure,2026-05-27,28172,28172,1978,78,outdoor adventure,79.0
outdoor adventure,2026-05-28,3490,3490,2417,117,outdoor adventure,75.0
outdoor adventure,2026-05-29,13363,13363,16854,281,outdoor adventure,80.0
outdoor adventure,2026-05-30,392,392,106,26,outdoor adventure,78.0
outdoor adventure,2026-05-31,18825,18825,9088,259,outdoor adventure,100.0
outdoor adventure,2026-06-01,22501,22501,3457,119,outdoor adventure,85.0
outdoor adventure,2026-06-02,27,27,263,33,outdoor adventure,59.0
personal locator beacon,2026-05-12,0,0,100,20,personal locator beacon,45.0
personal locator beacon,2026-05-22,3,3,3,3,personal locator beacon,97.0
portable stove,2026-04-22,48,48,117,15,portable stove,87.0
portable stove,2026-04-24,138,138,354,36,portable stove,86.0
portable stove,2026-04-25,4051,4051,703,37,portable stove,75.0
portable stove,2026-04-30,26,26,290,26,portable stove,78.0
portable stove,2026-05-02,104,104,192,24,portable stove,100.0
portable stove,2026-05-05,312,312,2304,96,portable stove,81.0
portable stove,2026-05-08,108,108,16,8,portable stove,96.0
portable stove,2026-05-10,296,296,64,16,portable stove,100.0
portable stove,2026-05-12,24,24,36,6,portable stove,90.0
portable stove,2026-05-13,152,152,4,4,portable stove,79.0
portable stove,2026-05-16,11880,11880,6400,160,portable stove,68.0
portable stove,2026-05-17,198,198,1062,87,portable stove,68.0
portable stove,2026-05-21,217,217,81,18,portable stove,82.0
portable stove,2026-05-22,21,21,7824,194,portable stove,81.0
portable stove,2026-05-23,961,961,1508,74,portable stove,92.0
portable stove,2026-05-25,504,504,288,24,portable stove,92.0
portable stove,2026-05-26,132,132,336,24,portable stove,83.0
portable stove,2026-05-27,30,30,450,30,portable stove,78.0
portable stove,2026-05-28,0,0,18,6,portable stove,80.0
portable stove,2026-05-29,207270,207270,19330,195,portable stove,87.0
portable stove,2026-05-31,5,5,2,2,portable stove,100.0
satellite communication device,2026-04-19,99,99,1089,33,satellite communication device,73.0
satellite communication device,2026-04-22,406,406,870,29,satellite communication device,73.0
satellite communication device,2026-05-04,6550,6550,10000,200,satellite communication device,73.0
satellite communication device,2026-05-20,6,6,12,6,satellite communication device,73.0
sleeping bag,2026-05-15,1979,1979,2412,124,sleeping bag,99.0
sleeping bag,2026-05-16,25084,25084,21233,450,sleeping bag,91.0
sleeping bag,2026-05-17,5805,5805,6008,174,sleeping bag,100.0
sleeping bag,2026-05-21,2132,2132,7719,198,sleeping bag,78.0
sleeping bag,2026-05-22,30816,30816,23722,538,sleeping bag,92.0
sleeping bag,2026-05-23,13567,13567,3054,188,sleeping bag,88.0
sleeping bag,2026-05-28,33334,33334,5278,122,sleeping bag,77.0
sleeping bag,2026-05-29,22092,22092,9289,299,sleeping bag,91.0
sleeping bag,2026-05-30,176818,176818,25431,449,sleeping bag,84.0
sleeping bag,2026-05-31,5477,5477,11933,430,sleeping bag,100.0
sleeping bag,2026-06-01,232850,232850,39828,457,sleeping bag,97.0
sleeping bag,2026-06-02,5533,5533,1988,125,sleeping bag,70.0
solo hiking,2026-05-03,190,190,495,53,solo hiking,100.0
solo hiking,2026-05-04,249919,249919,10836,139,solo hiking,75.0
solo hiking,2026-05-05,53051,53051,2352,75,solo hiking,98.0
solo hiking,2026-05-06,5573,5573,22800,250,solo hiking,75.0
solo hiking,2026-05-07,36,36,96,12,solo hiking,97.0
solo hiking,2026-05-08,221,221,513,47,solo hiking,98.0
solo hiking,2026-05-09,3721,3721,1157,109,solo hiking,89.0
solo hiking,2026-05-10,449,449,1162,71,solo hiking,100.0
solo hiking,2026-05-11,6037,6037,9755,354,solo hiking,93.0
solo hiking,2026-05-12,76,76,600,72,solo hiking,77.0
solo hiking,2026-05-13,408,408,1090,92,solo hiking,77.0
solo hiking,2026-05-14,4527,4527,12428,428,solo hiking,92.0
solo hiking,2026-05-15,2177,2177,1331,107,solo hiking,74.0
solo hiking,2026-05-16,94231,94231,63217,960,solo hiking,86.0
solo hiking,2026-05-17,11228,11228,1912,183,solo hiking,100.0
solo hiking,2026-05-18,19173,19173,6995,188,solo hiking,71.0
solo hiking,2026-05-19,17094,17094,1760,76,solo hiking,66.0
solo hiking,2026-05-20,12,12,39,15,solo hiking,94.0
solo hiking,2026-05-21,232,232,424,40,solo hiking,84.0
solo hiking,2026-05-22,52802,52802,62818,424,solo hiking,86.0
solo hiking,2026-05-23,3023,3023,850,82,solo hiking,97.0
solo hiking,2026-05-25,3917,3917,2592,94,solo hiking,94.0
solo hiking,2026-05-26,3030,3030,1220,62,solo hiking,100.0
solo hiking,2026-05-27,14478,14478,5154,160,solo hiking,97.0
solo hiking,2026-05-28,195,195,670,50,solo hiking,85.0
solo hiking,2026-05-29,4506,4506,4148,162,solo hiking,80.0
solo hiking,2026-05-30,372,372,1692,64,solo hiking,79.0
solo hiking,2026-05-31,151,151,969,65,solo hiking,100.0
solo hiking,2026-06-01,31,31,37,9,solo hiking,89.0
solo hiking,2026-06-02,646,646,2210,47,solo hiking,75.0
sustainable outdoor gear,2026-04-29,10,10,18,5,sustainable outdoor gear,83.01001971176711
thru-hiking,2026-05-09,15732,15732,7348,92,thru-hiking,20.714285714285715
thru-hiking,2026-05-10,1215,1215,1136,81,thru-hiking,20.714285714285715
thru-hiking,2026-05-11,475,475,1923,105,thru-hiking,20.714285714285715
thru-hiking,2026-05-12,205654,205654,20384,542,thru-hiking,20.714285714285715
thru-hiking,2026-05-13,423,423,1891,95,thru-hiking,20.714285714285715
thru-hiking,2026-05-14,10303,10303,8649,299,thru-hiking,20.714285714285715
thru-hiking,2026-05-15,2372,2372,3389,169,thru-hiking,20.714285714285715
thru-hiking,2026-05-16,16573,16573,6339,194,thru-hiking,20.714285714285715
thru-hiking,2026-05-17,353,353,892,90,thru-hiking,20.714285714285715
thru-hiking,2026-05-18,952,952,4094,156,thru-hiking,20.714285714285715
thru-hiking,2026-05-19,8060,8060,23046,310,thru-hiking,20.714285714285715
thru-hiking,2026-05-20,1481,1481,5106,251,thru-hiking,100.0
thru-hiking,2026-05-21,48186,48186,20890,525,thru-hiking,0.0
thru-hiking,2026-05-22,345,345,2960,202,thru-hiking,0.0
thru-hiking,2026-05-23,180,180,3320,144,thru-hiking,0.0
thru-hiking,2026-05-24,2235,2235,10647,316,thru-hiking,0.0
thru-hiking,2026-05-25,117181,117181,16105,237,thru-hiking,0.0
thru-hiking,2026-05-26,680,680,1954,140,thru-hiking,0.0
thru-hiking,2026-05-27,3648,3648,2888,76,thru-hiking,0.0
thru-hiking,2026-05-28,529,529,3045,99,thru-hiking,90.0
thru-hiking,2026-05-29,516,516,1932,110,thru-hiking,0.0
thru-hiking,2026-05-30,16070,16070,6534,214,thru-hiking,100.0
thru-hiking,2026-05-31,2083,2083,4261,99,thru-hiking,0.0
thru-hiking,2026-06-01,180,180,4155,123,thru-hiking,0.0
thru-hiking,2026-06-02,4,4,1,1,thru-hiking,0.0
trail hiking,2026-04-23,9,9,9,3,trail hiking,71.0
trail hiking,2026-04-24,2,2,2,2,trail hiking,73.0
trail hiking,2026-04-25,22889,22889,18696,206,trail hiking,86.0
trail hiking,2026-04-26,186,186,936,60,trail hiking,100.0
trail hiking,2026-04-27,811,811,4872,188,trail hiking,74.0
trail hiking,2026-04-28,60,60,450,30,trail hiking,61.0
trail hiking,2026-04-29,3326,3326,1802,86,trail hiking,66.0
trail hiking,2026-04-30,42,42,98,14,trail hiking,71.0
trail hiking,2026-05-02,384,384,160,24,trail hiking,95.0
trail hiking,2026-05-03,373,373,584,68,trail hiking,100.0
trail hiking,2026-05-04,3650,3650,26450,250,trail hiking,77.0
trail hiking,2026-05-05,4,4,1604,84,trail hiking,69.0
trail hiking,2026-05-06,37,37,1460,73,trail hiking,72.0
trail hiking,2026-05-07,34,34,16,8,trail hiking,86.0
trail hiking,2026-05-08,33309,33309,36168,646,trail hiking,88.0
trail hiking,2026-05-09,2391,2391,11446,343,trail hiking,97.0
trail hiking,2026-05-10,490524,490524,31003,510,trail hiking,100.0
trail hiking,2026-05-11,292,292,725,69,trail hiking,77.0
trail hiking,2026-05-12,24,24,32,16,trail hiking,78.0
trail hiking,2026-05-13,1540,1540,6600,232,trail hiking,81.0
trail hiking,2026-05-15,2682,2682,1488,126,trail hiking,83.0
trail hiking,2026-05-16,14095,14095,1489,115,trail hiking,91.0
trail hiking,2026-05-17,753,753,1050,108,trail hiking,100.0
trail hiking,2026-05-18,1225,1225,15607,311,trail hiking,79.0
trail hiking,2026-05-19,0,0,12,6,trail hiking,45.0
trail hiking,2026-05-20,0,0,507,39,trail hiking,70.0
trail hiking,2026-05-21,30,30,48,18,trail hiking,69.0
trail hiking,2026-05-22,2613,2613,1787,99,trail hiking,81.0
trail hiking,2026-05-23,673,673,2078,122,trail hiking,98.0
trail hiking,2026-05-24,64591,64591,1012,62,trail hiking,100.0
trail hiking,2026-05-26,2393,2393,996,72,trail hiking,75.0
trail hiking,2026-05-27,3556,3556,6686,170,trail hiking,73.0
trail hiking,2026-05-28,66,66,694,60,trail hiking,70.0
trail hiking,2026-05-29,698,698,130,22,trail hiking,74.0
trail hiking,2026-05-30,1587,1587,9186,196,trail hiking,90.0
trail hiking,2026-05-31,0,0,361,19,trail hiking,100.0
trail running shoes,2026-04-24,20,20,40,8,trail running shoes,79.0
trail running shoes,2026-04-25,72,72,376,24,trail running shoes,83.0
trail running shoes,2026-04-26,112,112,256,16,trail running shoes,100.0
trail running shoes,2026-04-27,466,466,4936,104,trail running shoes,80.0
trail running shoes,2026-04-28,389,389,866,71,trail running shoes,82.0
trail running shoes,2026-04-29,2962,2962,1194,70,trail running shoes,77.0
trail running shoes,2026-04-30,87,87,718,60,trail running shoes,81.0
trail running shoes,2026-05-01,4871,4871,2973,155,trail running shoes,83.0
trail running shoes,2026-05-02,3108,3108,5376,192,trail running shoes,100.0
trail running shoes,2026-05-03,231,231,1911,105,trail running shoes,95.0
trail running shoes,2026-05-04,35,35,196,28,trail running shoes,90.0
trail running shoes,2026-05-05,472,472,272,40,trail running shoes,86.0
trail running shoes,2026-05-06,152,152,2064,132,trail running shoes,86.0
trail running shoes,2026-05-07,9514,9514,22480,324,trail running shoes,96.0
trail running shoes,2026-05-08,706,706,3448,240,trail running shoes,94.0
trail running shoes,2026-05-09,3129,3129,4712,220,trail running shoes,98.0
trail running shoes,2026-05-10,40,40,5240,180,trail running shoes,100.0
trail running shoes,2026-05-11,136,136,743,117,trail running shoes,81.0
trail running shoes,2026-05-12,40,40,40,16,trail running shoes,77.0
trail running shoes,2026-05-13,148,148,120,32,trail running shoes,95.0
trail running shoes,2026-05-15,27,27,39,15,trail running shoes,77.0
trail running shoes,2026-05-16,301,301,1206,108,trail running shoes,71.0
trail running shoes,2026-05-17,172,172,292,34,trail running shoes,77.0
trail running shoes,2026-05-18,16,16,6,6,trail running shoes,72.0
trail running shoes,2026-05-20,695,695,4425,115,trail running shoes,89.0
trail running shoes,2026-05-21,99789,99789,27832,328,trail running shoes,83.0
trail running shoes,2026-05-22,420,420,1568,88,trail running shoes,84.0
trail running shoes,2026-05-23,6,6,12,6,trail running shoes,95.0
trail running shoes,2026-05-24,10,10,420,40,trail running shoes,100.0
trail running shoes,2026-05-25,1550,1550,2823,111,trail running shoes,97.0
trail running shoes,2026-05-26,480,480,602,66,trail running shoes,82.0
trail running shoes,2026-05-27,18,18,988,52,trail running shoes,77.0
trail running shoes,2026-05-28,638,638,656,40,trail running shoes,78.0
trail running shoes,2026-05-29,2898,2898,648,36,trail running shoes,82.0
trail running shoes,2026-05-30,548,548,808,80,trail running shoes,82.0
trail running shoes,2026-05-31,0,0,8,4,trail running shoes,100.0
trail running shoes,2026-06-01,3,3,531,25,trail running shoes,97.0
trekking,2026-05-17,45161,45161,22775,397,trekking,100.0
trekking,2026-05-22,921,921,2438,66,trekking,84.0
trekking,2026-05-23,7393,7393,8623,385,trekking,90.0
trekking,2026-05-24,37,37,128,26,trekking,100.0
trekking,2026-05-30,26303,26303,9932,371,trekking,89.0
trekking,2026-05-31,807,807,748,122,trekking,100.0
trekking,2026-06-01,27999,27999,10011,297,trekking,87.0
trekking,2026-06-02,845,845,1302,154,trekking,80.0
trekking poles,2026-05-09,7337,7337,2307,62,trekking poles,59.0
trekking poles,2026-05-10,274,274,975,63,trekking poles,51.0
trekking poles,2026-05-11,343,343,410,56,trekking poles,49.0
trekking poles,2026-05-12,864,864,11805,221,trekking poles,52.0
trekking poles,2026-05-13,4491,4491,8181,245,trekking poles,79.0
trekking poles,2026-05-14,6975,6975,11038,348,trekking poles,72.0
trekking poles,2026-05-15,3848,3848,10829,305,trekking poles,95.0
trekking poles,2026-05-16,6244,6244,11370,315,trekking poles,91.0
trekking poles,2026-05-17,5399,5399,3152,124,trekking poles,100.0
trekking poles,2026-05-18,8241,8241,3120,106,trekking poles,90.0
trekking poles,2026-05-19,4577,4577,28443,350,trekking poles,77.0
trekking poles,2026-05-20,56,56,367,29,trekking poles,64.0
trekking poles,2026-05-21,700029,700029,96834,854,trekking poles,66.0
trekking poles,2026-05-22,515,515,382,46,trekking poles,84.0
trekking poles,2026-05-23,8392,8392,27091,367,trekking poles,74.0
trekking poles,2026-05-24,8949,8949,4091,189,trekking poles,83.0
trekking poles,2026-05-25,233,233,3234,161,trekking poles,100.0
trekking poles,2026-05-26,23294,23294,5064,190,trekking poles,84.0
trekking poles,2026-05-27,2150,2150,2437,143,trekking poles,85.0
trekking poles,2026-05-28,1593,1593,1277,113,trekking poles,100.0
trekking poles,2026-05-29,8301,8301,3269,150,trekking poles,78.0
trekking poles,2026-05-30,753,753,451,53,trekking poles,78.0
trekking poles,2026-05-31,122,122,590,54,trekking poles,97.0
trekking poles,2026-06-01,471,471,301,26,trekking poles,83.0
ultralight backpack,2026-04-18,5,5,1,1,ultralight backpack,94.0
ultralight backpack,2026-04-20,3,3,45,9,ultralight backpack,75.0
ultralight backpack,2026-04-21,6,6,20,6,ultralight backpack,76.0
ultralight backpack,2026-04-24,1056,1056,1088,56,ultralight backpack,84.0
ultralight backpack,2026-04-25,4,4,8,4,ultralight backpack,74.0
ultralight backpack,2026-04-26,598,598,1352,52,ultralight backpack,100.0
ultralight backpack,2026-04-30,0,0,1350,54,ultralight backpack,75.0
ultralight backpack,2026-05-02,0,0,81,9,ultralight backpack,98.0
ultralight backpack,2026-05-03,189800,189800,181150,350,ultralight backpack,88.0
ultralight backpack,2026-05-04,16,16,44,20,ultralight backpack,94.0
ultralight backpack,2026-05-07,29140,29140,7795,231,ultralight backpack,100.0
ultralight backpack,2026-05-09,166,166,1673,83,ultralight backpack,98.0
ultralight backpack,2026-05-10,31177,31177,11288,322,ultralight backpack,96.0
ultralight backpack,2026-05-12,1874,1874,424,56,ultralight backpack,91.0
ultralight backpack,2026-05-14,399,399,444,56,ultralight backpack,81.0
ultralight backpack,2026-05-15,23636,23636,17968,378,ultralight backpack,75.0
ultralight backpack,2026-05-20,2975,2975,1875,75,ultralight backpack,88.0
ultralight backpack,2026-05-21,326,326,12,6,ultralight backpack,91.0
ultralight backpack,2026-05-22,1531,1531,2863,96,ultralight backpack,86.0
ultralight backpack,2026-05-23,2100,2100,40900,300,ultralight backpack,95.0
ultralight backpack,2026-05-26,7133,7133,1460,56,ultralight backpack,84.0
ultralight backpack,2026-05-27,24,24,288,24,ultralight backpack,86.0
ultralight backpack,2026-05-28,9,9,5,3,ultralight backpack,84.0
ultralight backpack,2026-05-30,222,222,603,45,ultralight backpack,88.0
ultralight backpack,2026-06-01,62,62,961,31,ultralight backpack,98.0
ultralight hiking,2026-05-15,720,720,2352,48,ultralight hiking,92.0
ultralight hiking,2026-05-16,8232,8232,2128,92,ultralight hiking,79.0
ultralight hiking,2026-05-29,1452,1452,288,24,ultralight hiking,66.0
ultralight tent,2026-04-23,90,90,425,29,ultralight tent,100.0
ultralight tent,2026-04-27,48,48,288,24,ultralight tent,100.0
ultralight tent,2026-05-02,0,0,884,50,ultralight tent,91.0
ultralight tent,2026-05-03,88,88,1000,52,ultralight tent,100.0
ultralight tent,2026-05-07,4913,4913,2836,173,ultralight tent,92.0
ultralight tent,2026-05-08,40,40,24,8,ultralight tent,57.0
ultralight tent,2026-05-11,23,23,4,4,ultralight tent,96.0
ultralight tent,2026-05-12,512,512,256,32,ultralight tent,70.0
ultralight tent,2026-05-16,0,0,6042,110,ultralight tent,74.0
ultralight tent,2026-05-17,202,202,57,15,ultralight tent,81.0
ultralight tent,2026-05-18,18,18,162,18,ultralight tent,85.0
ultralight tent,2026-05-20,42,42,147,21,ultralight tent,79.0
ultralight tent,2026-05-25,0,0,684,38,ultralight tent,100.0
ultralight tent,2026-05-30,11,11,25,7,ultralight tent,73.0
what to pack for hiking,2026-04-21,4,4,4,2,what to pack for hiking,0.0
what to pack for hiking,2026-04-24,18,18,18,18,what to pack for hiking,0.0
“any suggestions?”,2026-05-17,186,186,291,89,“any suggestions?”,78.43468417477926
“any suggestions?”,2026-05-24,526,526,1033,185,“any suggestions?”,78.43468417477926
“any suggestions?”,2026-05-31,462,462,1253,146,“any suggestions?”,78.43468417477926
“any suggestions?”,2026-06-02,21741,21741,8966,321,“any suggestions?”,78.43468417477926
“gear review”,2026-04-18,3,3,48,9,“gear review”,16.666666666666668
“gear review”,2026-04-22,4,4,1,1,“gear review”,16.666666666666668
“gear review”,2026-04-23,344,344,1849,43,“gear review”,16.666666666666668
“gear review”,2026-04-24,295,295,50,10,“gear review”,16.666666666666668
“gear review”,2026-04-27,240,240,450,30,“gear review”,16.666666666666668
“gear review”,2026-04-28,1676,1676,608,48,“gear review”,16.666666666666668
“gear review”,2026-04-29,166,166,220,28,“gear review”,16.666666666666668
“gear review”,2026-04-30,92821,92821,17072,188,“gear review”,16.666666666666668
“gear review”,2026-05-01,74,74,938,66,“gear review”,16.666666666666668
“gear review”,2026-05-03,15860,15860,7028,234,“gear review”,16.666666666666668
“gear review”,2026-05-05,166888,166888,68902,630,“gear review”,16.666666666666668
“gear review”,2026-05-08,313,313,660,72,“gear review”,16.666666666666668
“gear review”,2026-05-09,2928,2928,4628,140,“gear review”,16.666666666666668
“gear review”,2026-05-11,4,4,4,4,“gear review”,16.666666666666668
“gear review”,2026-05-12,8,8,4,4,“gear review”,16.666666666666668
“gear review”,2026-05-13,864,864,1296,72,“gear review”,0.0
“gear review”,2026-05-14,10803,10803,14187,334,“gear review”,0.0
“gear review”,2026-05-15,1578,1578,871,59,“gear review”,0.0
“gear review”,2026-05-16,8,8,4,4,“gear review”,0.0
“gear review”,2026-05-17,0,0,6,4,“gear review”,0.0
“gear review”,2026-05-19,66,66,222,36,“gear review”,100.0
“gear review”,2026-05-20,46065,46065,25298,268,“gear review”,16.666666666666668
“gear review”,2026-05-22,11010,11010,2084,106,“gear review”,16.666666666666668
“gear review”,2026-05-23,7121,7121,4378,176,“gear review”,16.666666666666668
“gear review”,2026-05-26,3612,3612,882,42,“gear review”,16.666666666666668
“gear review”,2026-05-27,56,56,640,46,“gear review”,16.666666666666668
“gear review”,2026-05-28,27,27,18,6,“gear review”,16.666666666666668
“gear review”,2026-05-29,5935,5935,3707,67,“gear review”,16.666666666666668
“gear review”,2026-05-30,699,699,369,27,“gear review”,16.666666666666668
“gear review”,2026-05-31,10140,10140,5576,84,“gear review”,16.666666666666668
“gear review”,2026-06-01,1624,1624,986,29,“gear review”,16.666666666666668
“gear review”,2026-06-02,2,2,1,1,“gear review”,16.666666666666668
“just bought”,2026-05-17,28894,28894,14974,295,“just bought”,78.43468417477926
“just bought”,2026-05-24,4216,4216,4097,358,“just bought”,78.43468417477926
“just bought”,2026-05-31,59262,59262,46243,537,“just bought”,78.43468417477926
“just bought”,2026-06-02,12134,12134,11770,551,“just bought”,78.43468417477926
“new hiking gear”,2026-05-20,484,484,41,1,“new hiking gear”,78.02804151026717
“worth it?”,2026-05-17,427,427,761,121,“worth it?”,78.43468417477926
“worth it?”,2026-05-24,500,500,1084,176,“worth it?”,78.43468417477926
“worth it?”,2026-05-31,937,937,3131,252,“worth it?”,78.43468417477926
“worth it?”,2026-06-02,88846,88846,47102,470,“worth it?”,78.43468417477926
